Name, Package, Actors, Connections, SDF, CSDF, QSDF, KPN, DPN
Top_mpegh_part2_main, org.sc29.wg11.mpegh.part2, 37, 119, 0, 0, 0, 0, 0

Name, Incoming, Outgoing, Inputs, Outputs, Actions, FSM, MoC
Source, 0, 1, 0, 1, 6, true, 
display, 3, 0, 3, 0, 7, true, 
HevcDecoder_Algo_Parser, 1, 63, 1, 30, 219, true, 
HevcDecoder_IntraPrediction, 10, 1, 10, 1, 21, true, 
HevcDecoder_SelectCU, 5, 2, 5, 1, 20, true, 
HevcDecoder_DecodingPictureBuffer, 11, 1, 11, 1, 40, true, 
HevcDecoder_InterPrediction, 10, 1, 10, 1, 57, true, 
HevcDecoder_SAO, 7, 3, 7, 1, 22, true, 
HevcDecoder_xIT_IT_Splitter, 2, 6, 2, 6, 14, false, 
HevcDecoder_xIT_IT_Merger, 7, 1, 7, 1, 14, false, 
HevcDecoder_xIT_invDST4x4_1st, 1, 1, 1, 1, 1, false, 
HevcDecoder_xIT_invDST4x4_2nd, 1, 1, 1, 1, 1, false, 
HevcDecoder_xIT_Block_Merger, 2, 1, 2, 1, 17, true, 
HevcDecoder_xIT_IT4x4_IT4x4_1d_0, 1, 1, 1, 1, 1, false, 
HevcDecoder_xIT_IT4x4_Transpose4x4_0, 1, 1, 1, 1, 1, false, 
HevcDecoder_xIT_IT4x4_IT4x4_1d_1, 1, 1, 1, 1, 1, false, 
HevcDecoder_xIT_IT4x4_Transpose4x4_1, 1, 1, 1, 1, 1, false, 
HevcDecoder_xIT_IT8x8_IT8x8_1d_0, 1, 1, 1, 1, 1, false, 
HevcDecoder_xIT_IT8x8_Transpose8x8_0, 1, 1, 1, 1, 1, false, 
HevcDecoder_xIT_IT8x8_IT8x8_1d_1, 1, 1, 1, 1, 1, false, 
HevcDecoder_xIT_IT8x8_Transpose8x8_1, 1, 1, 1, 1, 1, false, 
HevcDecoder_xIT_IT16x16_IT16x16_1d_0, 1, 1, 1, 1, 1, false, 
HevcDecoder_xIT_IT16x16_Transpose16x16_0, 1, 1, 1, 1, 1, false, 
HevcDecoder_xIT_IT16x16_IT16x16_1d_1, 1, 1, 1, 1, 1, false, 
HevcDecoder_xIT_IT16x16_Transpose16x16_1, 1, 1, 1, 1, 1, false, 
HevcDecoder_xIT_IT32x32_IT32x32_1d_0, 1, 1, 1, 1, 1, false, 
HevcDecoder_xIT_IT32x32_Transpose32x32_0, 1, 1, 1, 1, 1, false, 
HevcDecoder_xIT_IT32x32_IT32x32_1d_1, 1, 1, 1, 1, 1, false, 
HevcDecoder_xIT_IT32x32_Transpose32x32_1, 1, 1, 1, 1, 1, false, 
HevcDecoder_generateInfo_GenerateRefList, 3, 2, 3, 1, 12, true, 
HevcDecoder_generateInfo_MvComponentPred, 11, 11, 11, 6, 23, true, 
HevcDecoder_DBFilter_DeblockFilt, 10, 1, 10, 1, 33, true, 
HevcDecoder_DBFilter_GenerateBs, 11, 2, 11, 2, 25, true, 
check_MD5_padding, 2, 2, 2, 2, 5, true, 
check_MD5_shifter, 1, 1, 1, 1, 1, false, 
check_MD5_compute, 3, 0, 3, 0, 6, true, 
check_MD5_MD5SplitInfo, 2, 2, 2, 2, 12, true, 

Source, SrcPort, Target, TgtPort, Size
HevcDecoder_Algo_Parser, IntraPredMode, HevcDecoder_IntraPrediction, IntraPredMode, 
HevcDecoder_Algo_Parser, PictSize, HevcDecoder_IntraPrediction, PictSize, 
HevcDecoder_Algo_Parser, PartMode, HevcDecoder_IntraPrediction, PartMode, 
HevcDecoder_Algo_Parser, SplitTransform, HevcDecoder_IntraPrediction, SplitTransform, 
HevcDecoder_Algo_Parser, SliceAddr, HevcDecoder_IntraPrediction, SliceAddr, 
HevcDecoder_IntraPrediction, PredSample, HevcDecoder_SelectCU, IntraSample, 
HevcDecoder_Algo_Parser, PartMode, HevcDecoder_SelectCU, PartMode, 
HevcDecoder_Algo_Parser, StrongIntraSmoothing, HevcDecoder_IntraPrediction, StrongIntraSmoothing, 
HevcDecoder_Algo_Parser, Poc, HevcDecoder_DecodingPictureBuffer, Poc, 
HevcDecoder_Algo_Parser, PictSize, HevcDecoder_DecodingPictureBuffer, PicSize, 
HevcDecoder_Algo_Parser, RefPoc, HevcDecoder_DecodingPictureBuffer, RpsPoc, 
HevcDecoder_Algo_Parser, PartMode, HevcDecoder_InterPrediction, PartMode, 
HevcDecoder_Algo_Parser, Poc, HevcDecoder_InterPrediction, Poc, 
HevcDecoder_DecodingPictureBuffer, RefSample, HevcDecoder_InterPrediction, Sample, 
HevcDecoder_Algo_Parser, SliceType, HevcDecoder_InterPrediction, SliceType, 
HevcDecoder_InterPrediction, PredSample, HevcDecoder_SelectCU, InterSample, 
HevcDecoder_SelectCU, Sample, HevcDecoder_IntraPrediction, Sample, 
HevcDecoder_Algo_Parser, WeightedPred, HevcDecoder_InterPrediction, WeightedPredSe, 16384
HevcDecoder_Algo_Parser, LcuSizeMax, HevcDecoder_IntraPrediction, LcuSizeMax, 
HevcDecoder_Algo_Parser, TilesCoord, HevcDecoder_IntraPrediction, TilesCoord, 
HevcDecoder_Algo_Parser, TilesCoord, HevcDecoder_SAO, TilesCoord, 
HevcDecoder_Algo_Parser, LcuSizeMax, HevcDecoder_SAO, LcuSizeMax, 
HevcDecoder_Algo_Parser, LFAcrossSlcTile, HevcDecoder_SAO, LFAcrossSlcTile, 
HevcDecoder_Algo_Parser, PictSize, HevcDecoder_SAO, PicSize, 
HevcDecoder_Algo_Parser, IsPicSlcLcu, HevcDecoder_SAO, IsPicSlcLcu, 
HevcDecoder_Algo_Parser, SaoSe, HevcDecoder_SAO, SaoSe, 16384
HevcDecoder_SAO, FiltSample, HevcDecoder_DecodingPictureBuffer, Sample, 
HevcDecoder_Algo_Parser, CUInfo, HevcDecoder_IntraPrediction, CUInfo, 
HevcDecoder_Algo_Parser, CUInfo, HevcDecoder_InterPrediction, CUInfo, 
HevcDecoder_Algo_Parser, CUInfo, HevcDecoder_SelectCU, CUInfo, 
HevcDecoder_Algo_Parser, IsPicSlc, HevcDecoder_DecodingPictureBuffer, IsPicSlc, 
HevcDecoder_Algo_Parser, ReorderPics, HevcDecoder_DecodingPictureBuffer, ReorderPics, 
HevcDecoder_xIT_IT_Splitter, Coeff_4x4_DST, HevcDecoder_xIT_invDST4x4_1st, IN, 
HevcDecoder_xIT_invDST4x4_1st, OUT, HevcDecoder_xIT_invDST4x4_2nd, IN, 
HevcDecoder_xIT_invDST4x4_2nd, OUT, HevcDecoder_xIT_IT_Merger, Block_4x4_DST, 
HevcDecoder_xIT_IT_Splitter, Coeff_skip, HevcDecoder_xIT_IT_Merger, Block_skip, 
HevcDecoder_xIT_IT_Merger, Block, HevcDecoder_xIT_Block_Merger, Block_in, 
HevcDecoder_xIT_IT4x4_IT4x4_1d_0, Dst, HevcDecoder_xIT_IT4x4_Transpose4x4_1, Src, 
HevcDecoder_xIT_IT4x4_Transpose4x4_1, Dst, HevcDecoder_xIT_IT4x4_IT4x4_1d_1, Src, 
HevcDecoder_xIT_IT4x4_Transpose4x4_0, Dst, HevcDecoder_xIT_IT4x4_IT4x4_1d_0, Src, 
HevcDecoder_xIT_IT4x4_IT4x4_1d_1, Dst, HevcDecoder_xIT_IT_Merger, Block_4x4_IT, 
HevcDecoder_xIT_IT_Splitter, Coeff_4x4_IT, HevcDecoder_xIT_IT4x4_Transpose4x4_0, Src, 
HevcDecoder_xIT_IT8x8_IT8x8_1d_0, Dst, HevcDecoder_xIT_IT8x8_Transpose8x8_1, Src, 
HevcDecoder_xIT_IT8x8_Transpose8x8_1, Dst, HevcDecoder_xIT_IT8x8_IT8x8_1d_1, Src, 
HevcDecoder_xIT_IT8x8_Transpose8x8_0, Dst, HevcDecoder_xIT_IT8x8_IT8x8_1d_0, Src, 
HevcDecoder_xIT_IT8x8_IT8x8_1d_1, Dst, HevcDecoder_xIT_IT_Merger, Block_8x8, 
HevcDecoder_xIT_IT_Splitter, Coeff_8x8, HevcDecoder_xIT_IT8x8_Transpose8x8_0, Src, 
HevcDecoder_xIT_IT16x16_IT16x16_1d_0, Dst, HevcDecoder_xIT_IT16x16_Transpose16x16_1, Src, 
HevcDecoder_xIT_IT16x16_Transpose16x16_1, Dst, HevcDecoder_xIT_IT16x16_IT16x16_1d_1, Src, 
HevcDecoder_xIT_IT16x16_Transpose16x16_0, Dst, HevcDecoder_xIT_IT16x16_IT16x16_1d_0, Src, 
HevcDecoder_xIT_IT16x16_IT16x16_1d_1, Dst, HevcDecoder_xIT_IT_Merger, Block_16x16, 
HevcDecoder_xIT_IT_Splitter, Coeff_16x16, HevcDecoder_xIT_IT16x16_Transpose16x16_0, Src, 
HevcDecoder_xIT_IT32x32_Transpose32x32_1, Dst, HevcDecoder_xIT_IT32x32_IT32x32_1d_1, Src, 
HevcDecoder_xIT_IT32x32_IT32x32_1d_0, Dst, HevcDecoder_xIT_IT32x32_Transpose32x32_1, Src, 
HevcDecoder_xIT_IT32x32_Transpose32x32_0, Dst, HevcDecoder_xIT_IT32x32_IT32x32_1d_0, Src, 
HevcDecoder_xIT_IT32x32_IT32x32_1d_1, Dst, HevcDecoder_xIT_IT_Merger, Block_32x32, 
HevcDecoder_xIT_IT_Splitter, Coeff_32x32, HevcDecoder_xIT_IT32x32_Transpose32x32_0, Src, 
HevcDecoder_xIT_Block_Merger, Block, HevcDecoder_SelectCU, ResidualSample, 
HevcDecoder_Algo_Parser, TUSize, HevcDecoder_xIT_IT_Splitter, Size, 
HevcDecoder_Algo_Parser, TUSize, HevcDecoder_xIT_IT_Merger, Size, 
HevcDecoder_Algo_Parser, TUSize, HevcDecoder_xIT_Block_Merger, Size, 
HevcDecoder_Algo_Parser, Coeff, HevcDecoder_xIT_IT_Splitter, Coeff, 
HevcDecoder_generateInfo_GenerateRefList, RefList, HevcDecoder_generateInfo_MvComponentPred, RefList, 
HevcDecoder_generateInfo_MvComponentPred, RefIdx, HevcDecoder_InterPrediction, RefIdx, 
HevcDecoder_generateInfo_GenerateRefList, RefList, HevcDecoder_InterPrediction, RefList, 
HevcDecoder_generateInfo_MvComponentPred, IsBiPredOrLx, HevcDecoder_InterPrediction, IsBiPredOrLx, 
HevcDecoder_generateInfo_MvComponentPred, Mv, HevcDecoder_InterPrediction, Mv, 
HevcDecoder_generateInfo_MvComponentPred, IsBiPredOrLx, HevcDecoder_DecodingPictureBuffer, IsBiPredOrLx, 
HevcDecoder_generateInfo_MvComponentPred, IsReadOrNewSlice, HevcDecoder_DecodingPictureBuffer, IsReadOrNewSlc, 
HevcDecoder_generateInfo_MvComponentPred, Mv, HevcDecoder_DecodingPictureBuffer, Mv, 
HevcDecoder_generateInfo_MvComponentPred, PredCuSize, HevcDecoder_DecodingPictureBuffer, PredCuSize, 
HevcDecoder_generateInfo_MvComponentPred, PocRef, HevcDecoder_DecodingPictureBuffer, PocRef, 
HevcDecoder_Algo_Parser, PartMode, HevcDecoder_generateInfo_MvComponentPred, PartMode, 
HevcDecoder_Algo_Parser, PictSize, HevcDecoder_generateInfo_MvComponentPred, PicSize, 
HevcDecoder_Algo_Parser, RefPoc, HevcDecoder_generateInfo_GenerateRefList, RefPoc, 
HevcDecoder_Algo_Parser, RefPoc, HevcDecoder_generateInfo_MvComponentPred, RpsPoc, 
HevcDecoder_Algo_Parser, SliceType, HevcDecoder_generateInfo_MvComponentPred, SliceType, 
HevcDecoder_Algo_Parser, SliceAddr, HevcDecoder_generateInfo_MvComponentPred, SliceAddr, 
HevcDecoder_Algo_Parser, Poc, HevcDecoder_generateInfo_MvComponentPred, Poc, 
HevcDecoder_Algo_Parser, MvPredSyntaxElem, HevcDecoder_generateInfo_MvComponentPred, SyntaxElem, 
HevcDecoder_Algo_Parser, NumRefIdxLxActive, HevcDecoder_generateInfo_GenerateRefList, NumRefIdxLXAct, 
HevcDecoder_Algo_Parser, RefPicListModif, HevcDecoder_generateInfo_GenerateRefList, RefPicListModif, 
HevcDecoder_Algo_Parser, LcuSizeMax, HevcDecoder_generateInfo_MvComponentPred, LcuSizeMax, 
HevcDecoder_Algo_Parser, TilesCoord, HevcDecoder_generateInfo_MvComponentPred, TilesCoord, 
HevcDecoder_Algo_Parser, CUInfo, HevcDecoder_generateInfo_MvComponentPred, CUInfo, 
HevcDecoder_DBFilter_GenerateBs, BSHor, HevcDecoder_DBFilter_DeblockFilt, BsHor, 
HevcDecoder_DBFilter_GenerateBs, BSVer, HevcDecoder_DBFilter_DeblockFilt, BsVer, 
HevcDecoder_DBFilter_DeblockFilt, FiltSample, HevcDecoder_SAO, SampleIn, 
HevcDecoder_Algo_Parser, Cbf, HevcDecoder_DBFilter_GenerateBs, Cbf, 
HevcDecoder_Algo_Parser, SplitTransform, HevcDecoder_DBFilter_GenerateBs, SplitTransf, 
HevcDecoder_Algo_Parser, PartMode, HevcDecoder_DBFilter_GenerateBs, PartMode, 
HevcDecoder_Algo_Parser, SliceAddr, HevcDecoder_DBFilter_GenerateBs, SliceAddr, 
HevcDecoder_Algo_Parser, PictSize, HevcDecoder_DBFilter_DeblockFilt, PicSize, 
HevcDecoder_Algo_Parser, IsPicSlcLcu, HevcDecoder_DBFilter_DeblockFilt, IsPicSlcLcu, 
HevcDecoder_Algo_Parser, DBFDisable, HevcDecoder_DBFilter_DeblockFilt, DBFDisable, 
HevcDecoder_SelectCU, Sample, HevcDecoder_DBFilter_DeblockFilt, SampleIn, 
HevcDecoder_Algo_Parser, LFAcrossSlcTile, HevcDecoder_DBFilter_GenerateBs, LFAcrossSlcTile, 
HevcDecoder_Algo_Parser, LcuSizeMax, HevcDecoder_DBFilter_GenerateBs, LcuSizeMax, 
HevcDecoder_Algo_Parser, LcuSizeMax, HevcDecoder_DBFilter_DeblockFilt, LcuSizeMax, 
HevcDecoder_Algo_Parser, TilesCoord, HevcDecoder_DBFilter_GenerateBs, TilesCoord, 
HevcDecoder_Algo_Parser, TilesCoord, HevcDecoder_DBFilter_DeblockFilt, TilesCoord, 
HevcDecoder_Algo_Parser, DbfSe, HevcDecoder_DBFilter_DeblockFilt, SyntaxElem, 
HevcDecoder_Algo_Parser, CUInfo, HevcDecoder_DBFilter_GenerateBs, CUInfo, 
HevcDecoder_Algo_Parser, Qp, HevcDecoder_DBFilter_DeblockFilt, Qp, 
HevcDecoder_generateInfo_MvComponentPred, Mv, HevcDecoder_DBFilter_GenerateBs, Mv, 
HevcDecoder_generateInfo_MvComponentPred, IsBiPredOrLx, HevcDecoder_DBFilter_GenerateBs, IsBiPredOrLx, 
HevcDecoder_generateInfo_MvComponentPred, PocRef, HevcDecoder_DBFilter_GenerateBs, RefPoc, 
HevcDecoder_Algo_Parser, DispCoord, display, DispCoord, 
HevcDecoder_Algo_Parser, PicSizeInMb, display, PicSizeInMb, 
HevcDecoder_SAO, FiltSample, display, Byte, 
Source, O, HevcDecoder_Algo_Parser, byte, 
check_MD5_padding, OUT, check_MD5_shifter, IN, 
check_MD5_MD5SplitInfo, DataOut, check_MD5_padding, DATA, 
check_MD5_MD5SplitInfo, Length, check_MD5_padding, LENGTH, 
check_MD5_shifter, OUT, check_MD5_compute, IN, 
check_MD5_padding, NEWLENGTH, check_MD5_compute, NEWLENGTH, 
HevcDecoder_SAO, FiltSample, check_MD5_MD5SplitInfo, Byte, 
HevcDecoder_Algo_Parser, SEI_MD5, check_MD5_compute, SEI_MD5, 
HevcDecoder_Algo_Parser, PicSizeInMb, check_MD5_MD5SplitInfo, PictSize, 
